PrimaryKey,DBKey,EcologicalSiteId,Latitude_NAD83,Longitude_NAD83,
19020816041349872019-03-12,REPORT12Mar19AkronDIMA5.5aasof2020-06-26, UNKNOWN,40.1609,-103.142,
19020816041349872018-12-21,REPORT21Dec18AkronDIMA5.5aasof2020-06-26, UNKNOWN,40.1609,-103.142,
19020816041349872019-10-25,REPORT25Oct19AkronDIMA5.5aasof2020-06-26, UNKNOWN,40.1609,-103.142,
19020816041349872019-04-04,REPORT4Apr19AkronDIMA5.5aasof2020-06-26, UNKNOWN,40.1609,-103.142,
19020816041349872019-06-05,REPORT5Jun19AkronDIMA5.5aasof2020-06-26, UNKNOWN,40.1609,-103.142,
15120315082630972016-04-13,CPERMWAC13Apr16to11Apr18DIMA5.5aasof2020-06-26, UNKNOWN,40.8349,-104.697,
15120315082630972016-12-15,CPERMWAC13Apr16to11Apr18DIMA5.5aasof2020-06-26, UNKNOWN,40.8349,-104.697,
15120315082630972017-05-17,CPERMWAC13Apr16to11Apr18DIMA5.5aasof2020-06-26, UNKNOWN,40.8349,-104.697,
15120315082630972017-07-14,CPERMWAC13Apr16to11Apr18DIMA5.5aasof2020-06-26, UNKNOWN,40.8349,-104.697,
15120315082630972017-11-14,CPERMWAC13Apr16to11Apr18DIMA5.5aasof2020-06-26, UNKNOWN,40.8349,-104.697,
15120315082630972018-04-11,CPERMWAC13Apr16to11Apr18DIMA5.5aasof2020-06-26, UNKNOWN,40.8349,-104.697,
15120315082630972018-09-10,REPORT10Sep18CPERDIMA5.5aasof2020-06-26, UNKNOWN,40.8349,-104.697,
15120315082630972018-12-13,REPORT13Dec18CPERDIMA5.5aasof2020-06-26, UNKNOWN,40.8349,-104.697,
15120315082630972016-04-14,REPORT14Apr16-10Apr18CPERDIMA5.5aasof2020-06-26, UNKNOWN,40.8349,-104.697,
15120315082630972016-09-27,REPORT14Apr16-10Apr18CPERDIMA5.5aasof2020-06-26, UNKNOWN,40.8349,-104.697,
15120315082630972017-04-06,REPORT14Apr16-10Apr18CPERDIMA5.5aasof2020-06-26, UNKNOWN,40.8349,-104.697,
15120315082630972017-07-12,REPORT14Apr16-10Apr18CPERDIMA5.5aasof2020-06-26, UNKNOWN,40.8349,-104.697,
15120315082630972017-11-03,REPORT14Apr16-10Apr18CPERDIMA5.5aasof2020-06-26, UNKNOWN,40.8349,-104.697,
15120315082630972018-04-10,REPORT14Apr16-10Apr18CPERDIMA5.5aasof2020-06-26, UNKNOWN,40.8349,-104.697,
15120315082630972019-05-15,REPORT15May19CPERDIMA5.5aasof2020-06-26, UNKNOWN,40.8349,-104.697,
15120315082630972019-08-21,REPORT21Aug19CPERDIMA5.5aasof2020-06-26, UNKNOWN,40.8349,-104.697,
15120315082630972018-06-26,REPORT26Jun18CPERDIMA5.5aasof2020-06-26, UNKNOWN,40.8349,-104.697,
17062316455172542018-04-16,REPORT16Apr18ElRenoDIMA5.5aasof2020-06-26, UNKNOWN,35.555,-98.0391,
17062316455172542018-07-17,REPORT17Jul18ElRenoDIMA5.5aasof2020-06-26, UNKNOWN,35.555,-98.0391,
17062316455172542017-06-19,REPORT19Jun17ElRenoDIMA5.5aasof2020-06-26, UNKNOWN,35.555,-98.0391,
15052012001494532015-12-04,HAFBMWAC7Aug15to22Jun21DIMA5.5aasof2020-06-26, UNKNOWN,32.9422,-106.107,
15052012001494532015-08-07,HAFBMWAC7Aug15to22Jun21DIMA5.5aasof2020-06-26, UNKNOWN,32.9422,-106.107,
15052012001494532015-09-02,HAFBMWAC7Aug15to22Jun21DIMA5.5aasof2020-06-26, UNKNOWN,32.9422,-106.107,
15052012001494532015-09-30,HAFBMWAC7Aug15to22Jun21DIMA5.5aasof2020-06-26, UNKNOWN,32.9422,-106.107,
15052012001494532015-11-05,HAFBMWAC7Aug15to22Jun21DIMA5.5aasof2020-06-26, UNKNOWN,32.9422,-106.107,
15052012001494532016-01-07,HAFBMWAC7Aug15to22Jun21DIMA5.5aasof2020-06-26, UNKNOWN,32.9422,-106.107,
15052012001494532016-02-04,HAFBMWAC7Aug15to22Jun21DIMA5.5aasof2020-06-26, UNKNOWN,32.9422,-106.107,
15052012001494532016-03-03,HAFBMWAC7Aug15to22Jun21DIMA5.5aasof2020-06-26, UNKNOWN,32.9422,-106.107,
15052012001494532016-04-06,HAFBMWAC7Aug15to22Jun21DIMA5.5aasof2020-06-26, UNKNOWN,32.9422,-106.107,
15052012001494532016-05-04,HAFBMWAC7Aug15to22Jun21DIMA5.5aasof2020-06-26, UNKNOWN,32.9422,-106.107,
15052012001494532016-06-02,HAFBMWAC7Aug15to22Jun21DIMA5.5aasof2020-06-26, UNKNOWN,32.9422,-106.107,
15052012001494532016-06-29,HAFBMWAC7Aug15to22Jun21DIMA5.5aasof2020-06-26, UNKNOWN,32.9422,-106.107,
15052012001494532016-07-28,HAFBMWAC7Aug15to22Jun21DIMA5.5aasof2020-06-26, UNKNOWN,32.9422,-106.107,
15052012001494532016-08-25,HAFBMWAC7Aug15to22Jun21DIMA5.5aasof2020-06-26, UNKNOWN,32.9422,-106.107,
15052012001494532016-09-22,HAFBMWAC7Aug15to22Jun21DIMA5.5aasof2020-06-26, UNKNOWN,32.9422,-106.107,
15052012001494532016-10-20,HAFBMWAC7Aug15to22Jun21DIMA5.5aasof2020-06-26, UNKNOWN,32.9422,-106.107,
15052012001494532016-11-16,HAFBMWAC7Aug15to22Jun21DIMA5.5aasof2020-06-26, UNKNOWN,32.9422,-106.107,
15052012001494532016-12-20,HAFBMWAC7Aug15to22Jun21DIMA5.5aasof2020-06-26, UNKNOWN,32.9422,-106.107,
15052012001494532017-01-26,HAFBMWAC7Aug15to22Jun21DIMA5.5aasof2020-06-26, UNKNOWN,32.9422,-106.107,
15052012001494532017-02-22,HAFBMWAC7Aug15to22Jun21DIMA5.5aasof2020-06-26, UNKNOWN,32.9422,-106.107,
15052012001494532017-03-27,HAFBMWAC7Aug15to22Jun21DIMA5.5aasof2020-06-26, UNKNOWN,32.9422,-106.107,
15052012001494532017-04-18,HAFBMWAC7Aug15to22Jun21DIMA5.5aasof2020-06-26, UNKNOWN,32.9422,-106.107,
15052012001494532017-05-17,HAFBMWAC7Aug15to22Jun21DIMA5.5aasof2020-06-26, UNKNOWN,32.9422,-106.107,
15052012001494532017-06-13,HAFBMWAC7Aug15to22Jun21DIMA5.5aasof2020-06-26, UNKNOWN,32.9422,-106.107,
15052012001494532017-07-11,HAFBMWAC7Aug15to22Jun21DIMA5.5aasof2020-06-26, UNKNOWN,32.9422,-106.107,
15052012001494532017-08-09,HAFBMWAC7Aug15to22Jun21DIMA5.5aasof2020-06-26, UNKNOWN,32.9422,-106.107,
15052012001494532017-09-05,HAFBMWAC7Aug15to22Jun21DIMA5.5aasof2020-06-26, UNKNOWN,32.9422,-106.107,
15052012001494532017-10-04,HAFBMWAC7Aug15to22Jun21DIMA5.5aasof2020-06-26, UNKNOWN,32.9422,-106.107,
15052012001494532017-11-01,HAFBMWAC7Aug15to22Jun21DIMA5.5aasof2020-06-26, UNKNOWN,32.9422,-106.107,
15052012001494532017-12-05,HAFBMWAC7Aug15to22Jun21DIMA5.5aasof2020-06-26, UNKNOWN,32.9422,-106.107,
15052012001494532018-01-04,HAFBMWAC7Aug15to22Jun21DIMA5.5aasof2020-06-26, UNKNOWN,32.9422,-106.107,
15052012001494532018-02-01,HAFBMWAC7Aug15to22Jun21DIMA5.5aasof2020-06-26, UNKNOWN,32.9422,-106.107,
15052012001494532018-03-01,HAFBMWAC7Aug15to22Jun21DIMA5.5aasof2020-06-26, UNKNOWN,32.9422,-106.107,
15052012001494532018-03-28,HAFBMWAC7Aug15to22Jun21DIMA5.5aasof2020-06-26, UNKNOWN,32.9422,-106.107,
15052012001494532018-04-25,HAFBMWAC7Aug15to22Jun21DIMA5.5aasof2020-06-26, UNKNOWN,32.9422,-106.107,
15052012001494532018-05-22,HAFBMWAC7Aug15to22Jun21DIMA5.5aasof2020-06-26, UNKNOWN,32.9422,-106.107,
15052012001494532018-06-19,HAFBMWAC7Aug15to22Jun21DIMA5.5aasof2020-06-26, UNKNOWN,32.9422,-106.107,
15052012001494532018-07-17,HAFBMWAC7Aug15to22Jun21DIMA5.5aasof2020-06-26, UNKNOWN,32.9422,-106.107,
15052012001494532018-08-15,HAFBMWAC7Aug15to22Jun21DIMA5.5aasof2020-06-26, UNKNOWN,32.9422,-106.107,
15052012001494532018-09-14,HAFBMWAC7Aug15to22Jun21DIMA5.5aasof2020-06-26, UNKNOWN,32.9422,-106.107,
15052012001494532018-10-09,HAFBMWAC7Aug15to22Jun21DIMA5.5aasof2020-06-26, UNKNOWN,32.9422,-106.107,
15052012001494532018-11-07,HAFBMWAC7Aug15to22Jun21DIMA5.5aasof2020-06-26, UNKNOWN,32.9422,-106.107,
15052012001494532018-12-03,HAFBMWAC7Aug15to22Jun21DIMA5.5aasof2020-06-26, UNKNOWN,32.9422,-106.107,
15052012001494532019-01-28,HAFBMWAC7Aug15to22Jun21DIMA5.5aasof2020-06-26, UNKNOWN,32.9422,-106.107,
15052012001494532019-02-20,HAFBMWAC7Aug15to22Jun21DIMA5.5aasof2020-06-26, UNKNOWN,32.9422,-106.107,
15052012001494532019-03-18,HAFBMWAC7Aug15to22Jun21DIMA5.5aasof2020-06-26, UNKNOWN,32.9422,-106.107,
15052012001494532019-04-18,HAFBMWAC7Aug15to22Jun21DIMA5.5aasof2020-06-26, UNKNOWN,32.9422,-106.107,
15052012001494532019-05-15,HAFBMWAC7Aug15to22Jun21DIMA5.5aasof2020-06-26, UNKNOWN,32.9422,-106.107,
15052012001494532019-06-12,HAFBMWAC7Aug15to22Jun21DIMA5.5aasof2020-06-26, UNKNOWN,32.9422,-106.107,
15052012001494532019-07-10,HAFBMWAC7Aug15to22Jun21DIMA5.5aasof2020-06-26, UNKNOWN,32.9422,-106.107,
15052012001494532019-08-07,HAFBMWAC7Aug15to22Jun21DIMA5.5aasof2020-06-26, UNKNOWN,32.9422,-106.107,
15052012001494532019-09-04,HAFBMWAC7Aug15to22Jun21DIMA5.5aasof2020-06-26, UNKNOWN,32.9422,-106.107,
15052012001494532019-10-02,HAFBMWAC7Aug15to22Jun21DIMA5.5aasof2020-06-26, UNKNOWN,32.9422,-106.107,
15052012001494532019-10-31,HAFBMWAC7Aug15to22Jun21DIMA5.5aasof2020-06-26, UNKNOWN,32.9422,-106.107,
15052012001494532019-12-02,HAFBMWAC7Aug15to22Jun21DIMA5.5aasof2020-06-26, UNKNOWN,32.9422,-106.107,
15052012001494532020-01-06,HAFBMWAC7Aug15to22Jun21DIMA5.5aasof2020-06-26, UNKNOWN,32.9422,-106.107,
15052012001494532020-02-06,HAFBMWAC7Aug15to22Jun21DIMA5.5aasof2020-06-26, UNKNOWN,32.9422,-106.107,
15052012001494532020-03-05,HAFBMWAC7Aug15to22Jun21DIMA5.5aasof2020-06-26, UNKNOWN,32.9422,-106.107,
15052012001494532020-03-31,HAFBMWAC7Aug15to22Jun21DIMA5.5aasof2020-06-26, UNKNOWN,32.9422,-106.107,
15052012001494532020-04-28,HAFBMWAC7Aug15to22Jun21DIMA5.5aasof2020-06-26, UNKNOWN,32.9422,-106.107,
15052012001494532020-05-26,HAFBMWAC7Aug15to22Jun21DIMA5.5aasof2020-06-26, UNKNOWN,32.9422,-106.107,
15052012001494532020-06-23,HAFBMWAC7Aug15to22Jun21DIMA5.5aasof2020-06-26, UNKNOWN,32.9422,-106.107,
15052012001494532020-07-21,HAFBMWAC7Aug15to22Jun21DIMA5.5aasof2020-06-26, UNKNOWN,32.9422,-106.107,
15052012001494532020-08-18,HAFBMWAC7Aug15to22Jun21DIMA5.5aasof2020-06-26, UNKNOWN,32.9422,-106.107,
15052012001494532020-09-15,HAFBMWAC7Aug15to22Jun21DIMA5.5aasof2020-06-26, UNKNOWN,32.9422,-106.107,
15052012001494532020-10-13,HAFBMWAC7Aug15to22Jun21DIMA5.5aasof2020-06-26, UNKNOWN,32.9422,-106.107,
15052012001494532020-11-10,HAFBMWAC7Aug15to22Jun21DIMA5.5aasof2020-06-26, UNKNOWN,32.9422,-106.107,
15052012001494532020-12-08,HAFBMWAC7Aug15to22Jun21DIMA5.5aasof2020-06-26, UNKNOWN,32.9422,-106.107,
15052012001494532021-01-05,HAFBMWAC7Aug15to22Jun21DIMA5.5aasof2020-06-26, UNKNOWN,32.9422,-106.107,
15052012001494532021-02-02,HAFBMWAC7Aug15to22Jun21DIMA5.5aasof2020-06-26, UNKNOWN,32.9422,-106.107,
15052012001494532021-03-02,HAFBMWAC7Aug15to22Jun21DIMA5.5aasof2020-06-26, UNKNOWN,32.9422,-106.107,
15052012001494532021-03-31,HAFBMWAC7Aug15to22Jun21DIMA5.5aasof2020-06-26, UNKNOWN,32.9422,-106.107,
15052012001494532021-04-30,HAFBMWAC7Aug15to22Jun21DIMA5.5aasof2020-06-26, UNKNOWN,32.9422,-106.107,
15052012001494532021-05-25,HAFBMWAC7Aug15to22Jun21DIMA5.5aasof2020-06-26, UNKNOWN,32.9422,-106.107,
15052012001494532021-06-22,HAFBMWAC7Aug15to22Jun21DIMA5.5aasof2020-06-26, UNKNOWN,32.9422,-106.107,
15052012001494532019-12-12,REPORT12Dec19HAFBDIMA5.5aasof2020-06-26, UNKNOWN,32.9422,-106.107,
15052012001494532021-06-16,REPORT16Jun21HAFBDIMA5.4asof2019-04-19, UNKNOWN,32.9422,-106.107,
15052012001494532020-06-17,REPORT17Jun20HAFBDIMA5.5aasof2020-06-26, UNKNOWN,32.9422,-106.107,
15052012001494532020-09-17,REPORT17Sept20HAFBDIMA5.4asof2019-04-19, UNKNOWN,32.9422,-106.107,
15052012001494532021-03-18,REPORT18Mar21HAFBDIMA5.4asof2019-04-19, UNKNOWN,32.9422,-106.107,
15052012001494532015-05-18,REPORT18May15-1Mar19HAFBDIMA5.5aasof2020-06-26, UNKNOWN,32.9422,-106.107,
15052012001494532015-10-08,REPORT18May15-1Mar19HAFBDIMA5.5aasof2020-06-26, UNKNOWN,32.9422,-106.107,
15052012001494532016-03-31,REPORT18May15-1Mar19HAFBDIMA5.5aasof2020-06-26, UNKNOWN,32.9422,-106.107,
15052012001494532016-07-22,REPORT18May15-1Mar19HAFBDIMA5.5aasof2020-06-26, UNKNOWN,32.9422,-106.107,
15052012001494532016-10-21,REPORT18May15-1Mar19HAFBDIMA5.5aasof2020-06-26, UNKNOWN,32.9422,-106.107,
15052012001494532017-11-15,REPORT18May15-1Mar19HAFBDIMA5.5aasof2020-06-26, UNKNOWN,32.9422,-106.107,
15052012001494532018-03-12,REPORT18May15-1Mar19HAFBDIMA5.5aasof2020-06-26, UNKNOWN,32.9422,-106.107,
15052012001494532018-06-14,REPORT18May15-1Mar19HAFBDIMA5.5aasof2020-06-26, UNKNOWN,32.9422,-106.107,
15052012001494532018-10-05,REPORT18May15-1Mar19HAFBDIMA5.5aasof2020-06-26, UNKNOWN,32.9422,-106.107,
15052012001494532019-03-01,REPORT18May15-1Mar19HAFBDIMA5.5aasof2020-06-26, UNKNOWN,32.9422,-106.107,
15052012001494532019-09-19,REPORT19Sept19HAFBDIMA5.5aasof2020-06-26, UNKNOWN,32.9422,-106.107,
15052012001494532021-09-23,REPORT23Sept21HAFBDIMA5.4asof2019-04-19, UNKNOWN,32.9422,-106.107,
15052012001494532019-06-05,REPORT5Jun19HAFBDIMA5.5aasof2020-06-26, UNKNOWN,32.9422,-106.107,
15052012001494532020-04-07,REPORT7Apr20HAFBDIMA5.5aasof2020-06-26, UNKNOWN,32.9422,-106.107,
15052012001494532020-12-09,REPORT9Dec20HAFBDIMA5.4asof2019-04-19, UNKNOWN,32.9422,-106.107,
15050113465465692016-03-21,JERDDTDIMA5.5aasof2020-06-26, UNKNOWN,32.6271,-106.739,
15050113465465692019-09-20,20Sep19-9Jun20JERMWACDIMA5.5aasof2020-03-10, UNKNOWN,32.6271,-106.739,
15050113465465692019-10-18,20Sep19-9Jun20JERMWACDIMA5.5aasof2020-03-10, UNKNOWN,32.6271,-106.739,
15050113465465692019-11-15,20Sep19-9Jun20JERMWACDIMA5.5aasof2020-03-10, UNKNOWN,32.6271,-106.739,
15050113465465692019-12-12,20Sep19-9Jun20JERMWACDIMA5.5aasof2020-03-10, UNKNOWN,32.6271,-106.739,
15050113465465692020-01-23,20Sep19-9Jun20JERMWACDIMA5.5aasof2020-03-10, UNKNOWN,32.6271,-106.739,
15050113465465692020-02-18,20Sep19-9Jun20JERMWACDIMA5.5aasof2020-03-10, UNKNOWN,32.6271,-106.739,
15050113465465692020-03-17,20Sep19-9Jun20JERMWACDIMA5.5aasof2020-03-10, UNKNOWN,32.6271,-106.739,
15050113465465692020-04-14,20Sep19-9Jun20JERMWACDIMA5.5aasof2020-03-10, UNKNOWN,32.6271,-106.739,
15050113465465692020-05-12,20Sep19-9Jun20JERMWACDIMA5.5aasof2020-03-10, UNKNOWN,32.6271,-106.739,
15050113465465692020-06-09,20Sep19-9Jun20JERMWACDIMA5.5aasof2020-03-10, UNKNOWN,32.6271,-106.739,
15050113465465692015-06-24,24Jun15-7Jul21JERMWACDIMA5.5aasof2020-03-10, UNKNOWN,32.6271,-106.739,
15050113465465692015-07-31,24Jun15-7Jul21JERMWACDIMA5.5aasof2020-03-10, UNKNOWN,32.6271,-106.739,
15050113465465692015-08-26,24Jun15-7Jul21JERMWACDIMA5.5aasof2020-03-10, UNKNOWN,32.6271,-106.739,
15050113465465692015-09-22,24Jun15-7Jul21JERMWACDIMA5.5aasof2020-03-10, UNKNOWN,32.6271,-106.739,
15050113465465692015-10-22,24Jun15-7Jul21JERMWACDIMA5.5aasof2020-03-10, UNKNOWN,32.6271,-106.739,
15050113465465692015-11-24,24Jun15-7Jul21JERMWACDIMA5.5aasof2020-03-10, UNKNOWN,32.6271,-106.739,
15050113465465692015-12-22,24Jun15-7Jul21JERMWACDIMA5.5aasof2020-03-10, UNKNOWN,32.6271,-106.739,
15050113465465692016-01-27,24Jun15-7Jul21JERMWACDIMA5.5aasof2020-03-10, UNKNOWN,32.6271,-106.739,
15050113465465692016-02-23,24Jun15-7Jul21JERMWACDIMA5.5aasof2020-03-10, UNKNOWN,32.6271,-106.739,
15050113465465692016-04-20,24Jun15-7Jul21JERMWACDIMA5.5aasof2020-03-10, UNKNOWN,32.6271,-106.739,
15050113465465692016-05-17,24Jun15-7Jul21JERMWACDIMA5.5aasof2020-03-10, UNKNOWN,32.6271,-106.739,
15050113465465692016-06-14,24Jun15-7Jul21JERMWACDIMA5.5aasof2020-03-10, UNKNOWN,32.6271,-106.739,
15050113465465692016-07-13,24Jun15-7Jul21JERMWACDIMA5.5aasof2020-03-10, UNKNOWN,32.6271,-106.739,
15050113465465692016-08-09,24Jun15-7Jul21JERMWACDIMA5.5aasof2020-03-10, UNKNOWN,32.6271,-106.739,
15050113465465692016-09-08,24Jun15-7Jul21JERMWACDIMA5.5aasof2020-03-10, UNKNOWN,32.6271,-106.739,
15050113465465692016-10-06,24Jun15-7Jul21JERMWACDIMA5.5aasof2020-03-10, UNKNOWN,32.6271,-106.739,
15050113465465692016-11-02,24Jun15-7Jul21JERMWACDIMA5.5aasof2020-03-10, UNKNOWN,32.6271,-106.739,
15050113465465692016-12-01,24Jun15-7Jul21JERMWACDIMA5.5aasof2020-03-10, UNKNOWN,32.6271,-106.739,
15050113465465692017-01-12,24Jun15-7Jul21JERMWACDIMA5.5aasof2020-03-10, UNKNOWN,32.6271,-106.739,
15050113465465692017-02-08,24Jun15-7Jul21JERMWACDIMA5.5aasof2020-03-10, UNKNOWN,32.6271,-106.739,
15050113465465692017-03-08,24Jun15-7Jul21JERMWACDIMA5.5aasof2020-03-10, UNKNOWN,32.6271,-106.739,
15050113465465692017-04-05,24Jun15-7Jul21JERMWACDIMA5.5aasof2020-03-10, UNKNOWN,32.6271,-106.739,
15050113465465692017-05-02,24Jun15-7Jul21JERMWACDIMA5.5aasof2020-03-10, UNKNOWN,32.6271,-106.739,
15050113465465692017-05-30,24Jun15-7Jul21JERMWACDIMA5.5aasof2020-03-10, UNKNOWN,32.6271,-106.739,
15050113465465692017-06-27,24Jun15-7Jul21JERMWACDIMA5.5aasof2020-03-10, UNKNOWN,32.6271,-106.739,
15050113465465692017-07-26,24Jun15-7Jul21JERMWACDIMA5.5aasof2020-03-10, UNKNOWN,32.6271,-106.739,
15050113465465692017-08-23,24Jun15-7Jul21JERMWACDIMA5.5aasof2020-03-10, UNKNOWN,32.6271,-106.739,
15050113465465692017-09-20,24Jun15-7Jul21JERMWACDIMA5.5aasof2020-03-10, UNKNOWN,32.6271,-106.739,
15050113465465692017-10-18,24Jun15-7Jul21JERMWACDIMA5.5aasof2020-03-10, UNKNOWN,32.6271,-106.739,
15050113465465692017-11-15,24Jun15-7Jul21JERMWACDIMA5.5aasof2020-03-10, UNKNOWN,32.6271,-106.739,
15050113465465692017-12-20,24Jun15-7Jul21JERMWACDIMA5.5aasof2020-03-10, UNKNOWN,32.6271,-106.739,
15050113465465692018-01-16,24Jun15-7Jul21JERMWACDIMA5.5aasof2020-03-10, UNKNOWN,32.6271,-106.739,
15050113465465692018-02-13,24Jun15-7Jul21JERMWACDIMA5.5aasof2020-03-10, UNKNOWN,32.6271,-106.739,
15050113465465692018-03-14,24Jun15-7Jul21JERMWACDIMA5.5aasof2020-03-10, UNKNOWN,32.6271,-106.739,
15050113465465692018-04-10,24Jun15-7Jul21JERMWACDIMA5.5aasof2020-03-10, UNKNOWN,32.6271,-106.739,
15050113465465692018-05-09,24Jun15-7Jul21JERMWACDIMA5.5aasof2020-03-10, UNKNOWN,32.6271,-106.739,
15050113465465692018-06-06,24Jun15-7Jul21JERMWACDIMA5.5aasof2020-03-10, UNKNOWN,32.6271,-106.739,
15050113465465692018-07-05,24Jun15-7Jul21JERMWACDIMA5.5aasof2020-03-10, UNKNOWN,32.6271,-106.739,
15050113465465692018-08-01,24Jun15-7Jul21JERMWACDIMA5.5aasof2020-03-10, UNKNOWN,32.6271,-106.739,
15050113465465692018-08-29,24Jun15-7Jul21JERMWACDIMA5.5aasof2020-03-10, UNKNOWN,32.6271,-106.739,
15050113465465692018-09-27,24Jun15-7Jul21JERMWACDIMA5.5aasof2020-03-10, UNKNOWN,32.6271,-106.739,
15050113465465692018-10-26,24Jun15-7Jul21JERMWACDIMA5.5aasof2020-03-10, UNKNOWN,32.6271,-106.739,
15050113465465692018-11-20,24Jun15-7Jul21JERMWACDIMA5.5aasof2020-03-10, UNKNOWN,32.6271,-106.739,
15050113465465692018-12-20,24Jun15-7Jul21JERMWACDIMA5.5aasof2020-03-10, UNKNOWN,32.6271,-106.739,
15050113465465692019-02-04,24Jun15-7Jul21JERMWACDIMA5.5aasof2020-03-10, UNKNOWN,32.6271,-106.739,
15050113465465692019-03-05,24Jun15-7Jul21JERMWACDIMA5.5aasof2020-03-10, UNKNOWN,32.6271,-106.739,
15050113465465692019-04-04,24Jun15-7Jul21JERMWACDIMA5.5aasof2020-03-10, UNKNOWN,32.6271,-106.739,
15050113465465692019-05-02,24Jun15-7Jul21JERMWACDIMA5.5aasof2020-03-10, UNKNOWN,32.6271,-106.739,
15050113465465692019-05-29,24Jun15-7Jul21JERMWACDIMA5.5aasof2020-03-10, UNKNOWN,32.6271,-106.739,
15050113465465692019-06-26,24Jun15-7Jul21JERMWACDIMA5.5aasof2020-03-10, UNKNOWN,32.6271,-106.739,
15050113465465692019-07-24,24Jun15-7Jul21JERMWACDIMA5.5aasof2020-03-10, UNKNOWN,32.6271,-106.739,
15050113465465692019-08-20,24Jun15-7Jul21JERMWACDIMA5.5aasof2020-03-10, UNKNOWN,32.6271,-106.739,
15050113465465692020-07-07,24Jun15-7Jul21JERMWACDIMA5.5aasof2020-03-10, UNKNOWN,32.6271,-106.739,
15050113465465692020-08-04,24Jun15-7Jul21JERMWACDIMA5.5aasof2020-03-10, UNKNOWN,32.6271,-106.739,
15050113465465692020-09-01,24Jun15-7Jul21JERMWACDIMA5.5aasof2020-03-10, UNKNOWN,32.6271,-106.739,
15050113465465692020-09-29,24Jun15-7Jul21JERMWACDIMA5.5aasof2020-03-10, UNKNOWN,32.6271,-106.739,
15050113465465692020-10-29,24Jun15-7Jul21JERMWACDIMA5.5aasof2020-03-10, UNKNOWN,32.6271,-106.739,
15050113465465692020-11-25,24Jun15-7Jul21JERMWACDIMA5.5aasof2020-03-10, UNKNOWN,32.6271,-106.739,
15050113465465692020-12-22,24Jun15-7Jul21JERMWACDIMA5.5aasof2020-03-10, UNKNOWN,32.6271,-106.739,
15050113465465692021-01-19,24Jun15-7Jul21JERMWACDIMA5.5aasof2020-03-10, UNKNOWN,32.6271,-106.739,
15050113465465692021-02-15,24Jun15-7Jul21JERMWACDIMA5.5aasof2020-03-10, UNKNOWN,32.6271,-106.739,
15050113465465692021-03-17,24Jun15-7Jul21JERMWACDIMA5.5aasof2020-03-10, UNKNOWN,32.6271,-106.739,
15050113465465692021-04-13,24Jun15-7Jul21JERMWACDIMA5.5aasof2020-03-10, UNKNOWN,32.6271,-106.739,
15050113465465692021-05-11,24Jun15-7Jul21JERMWACDIMA5.5aasof2020-03-10, UNKNOWN,32.6271,-106.739,
15050113465465692021-06-08,24Jun15-7Jul21JERMWACDIMA5.5aasof2020-03-10, UNKNOWN,32.6271,-106.739,
15050113465465692021-07-07,24Jun15-7Jul21JERMWACDIMA5.5aasof2020-03-10, UNKNOWN,32.6271,-106.739,
15050113465465692019-12-13,REPORT13Dec19JERDIMA5.4asof2019-04-19, UNKNOWN,32.6271,-106.739,
15050113465465692020-12-14,REPORT14Dec20JERDIMA5.4asof2019-04-19, UNKNOWN,32.6271,-106.739,
15050113465465692021-06-15,REPORT15Jun21JERDIMA5.4asof2019-04-19, UNKNOWN,32.6271,-106.739,
15050113465465692021-03-15,REPORT15Mar21JERDIMA5.4asof2019-04-19, UNKNOWN,32.6271,-106.739,
15050113465465692020-09-15,REPORT15Sept20JERDIMA5.4asof2019-04-19, UNKNOWN,32.6271,-106.739,
15050113465465692019-09-18,REPORT18Sept19JERDIMA5.4asof2019-04-19, UNKNOWN,32.6271,-106.739,
15050113465465692021-09-22,REPORT22Sept21JERDIMA5.4asof2019-04-19, UNKNOWN,32.6271,-106.739,
15050113465465692020-03-24,REPORT24Mar20JERDIMA5.5aasof2020-06-26, UNKNOWN,32.6271,-106.739,
15050113465465692019-10-31,REPORT31Oct19JERDIMA5.4asof2019-04-19, UNKNOWN,32.6271,-106.739,
15050113465465692015-05-05,REPORT5May15-5Mar19JERDIMA5.4asof2019-04-19, UNKNOWN,32.6271,-106.739,
15050113465465692015-09-24,REPORT5May15-5Mar19JERDIMA5.4asof2019-04-19, UNKNOWN,32.6271,-106.739,
15050113465465692016-03-28,REPORT5May15-5Mar19JERDIMA5.4asof2019-04-19, UNKNOWN,32.6271,-106.739,
15050113465465692016-07-19,REPORT5May15-5Mar19JERDIMA5.4asof2019-04-19, UNKNOWN,32.6271,-106.739,
15050113465465692016-10-24,REPORT5May15-5Mar19JERDIMA5.4asof2019-04-19, UNKNOWN,32.6271,-106.739,
15050113465465692017-03-29,REPORT5May15-5Mar19JERDIMA5.4asof2019-04-19, UNKNOWN,32.6271,-106.739,
15050113465465692017-08-08,REPORT5May15-5Mar19JERDIMA5.4asof2019-04-19, UNKNOWN,32.6271,-106.739,
15050113465465692017-11-14,REPORT5May15-5Mar19JERDIMA5.4asof2019-04-19, UNKNOWN,32.6271,-106.739,
15050113465465692018-03-08,REPORT5May15-5Mar19JERDIMA5.4asof2019-04-19, UNKNOWN,32.6271,-106.739,
15050113465465692018-06-11,REPORT5May15-5Mar19JERDIMA5.4asof2019-04-19, UNKNOWN,32.6271,-106.739,
15050113465465692018-10-03,REPORT5May15-5Mar19JERDIMA5.4asof2019-04-19, UNKNOWN,32.6271,-106.739,
15050113465465692019-06-07,REPORT7Jun19JERDIMA5.4asof2019-04-19, UNKNOWN,32.6271,-106.739,
15050113465465692020-06-08,REPORT8Jun20JERDIMA5.4asof2019-04-19, UNKNOWN,32.6271,-106.739,
20082716121036612021-10-14,REPORT14Oct21LORDSBURGDIMA5.5aasof2020-06-26, UNKNOWN,32.2647,-108.913,
20082716121036612021-06-17,REPORT17Jun21LORDSBURGDIMA5.5aasof2020-06-26, UNKNOWN,32.2647,-108.913,
20082716121036612021-03-17,REPORT17Mar21LORDSBURGDIMA5.5aasof2020-06-26, UNKNOWN,32.2647,-108.913,
20082716121036612020-09-02,REPORT2Sep20LORDSBURGDIMA5.5aasof2020-06-26, UNKNOWN,32.2647,-108.913,
20082716121036612020-12-07,REPORT7Dec20LORDSBURGDIMA5.5aasof2020-06-26, UNKNOWN,32.2647,-108.913,
15080712440114922018-06-26,MANDANMWAC15May18-8Nov18DIMA5.5aasof2020-06-26, UNKNOWN,46.7747,-100.95,
15080712440114922018-05-15,MANDANMWAC15May18-8Nov18DIMA5.5aasof2020-06-26, UNKNOWN,46.7747,-100.95,
15080712440114922018-07-24,MANDANMWAC15May18-8Nov18DIMA5.5aasof2020-06-26, UNKNOWN,46.7747,-100.95,
15080712440114922018-11-08,MANDANMWAC15May18-8Nov18DIMA5.5aasof2020-06-26, UNKNOWN,46.7747,-100.95,
15080712440114922015-11-20,MANDANMWAC20Nov15-12Jun17DIMA5.5aasof2020-06-26, UNKNOWN,46.7747,-100.95,
15080712440114922015-12-17,MANDANMWAC20Nov15-12Jun17DIMA5.5aasof2020-06-26, UNKNOWN,46.7747,-100.95,
15080712440114922016-03-16,MANDANMWAC20Nov15-12Jun17DIMA5.5aasof2020-06-26, UNKNOWN,46.7747,-100.95,
15080712440114922016-05-03,MANDANMWAC20Nov15-12Jun17DIMA5.5aasof2020-06-26, UNKNOWN,46.7747,-100.95,
15080712440114922016-06-02,MANDANMWAC20Nov15-12Jun17DIMA5.5aasof2020-06-26, UNKNOWN,46.7747,-100.95,
15080712440114922016-06-21,MANDANMWAC20Nov15-12Jun17DIMA5.5aasof2020-06-26, UNKNOWN,46.7747,-100.95,
15080712440114922016-09-16,MANDANMWAC20Nov15-12Jun17DIMA5.5aasof2020-06-26, UNKNOWN,46.7747,-100.95,
15080712440114922016-10-26,MANDANMWAC20Nov15-12Jun17DIMA5.5aasof2020-06-26, UNKNOWN,46.7747,-100.95,
15080712440114922017-05-04,MANDANMWAC20Nov15-12Jun17DIMA5.5aasof2020-06-26, UNKNOWN,46.7747,-100.95,
15080712440114922017-06-12,MANDANMWAC20Nov15-12Jun17DIMA5.5aasof2020-06-26, UNKNOWN,46.7747,-100.95,
15080712440114922018-07-10,REPORT10July18MandanDIMA5.5aasof2020-06-26, UNKNOWN,46.7747,-100.95,
15080712440114922019-07-16,REPORT15Jul19MandanDIMA5.5aasof2020-06-26, UNKNOWN,46.7747,-100.95,
15080712440114922018-10-25,REPORT25Oct18MandanDIMA5.5aasof2020-06-26, UNKNOWN,46.7747,-100.95,
15080712440114922019-05-30,REPORT30May19MandanDIMA5.5aasof2020-06-26, UNKNOWN,46.7747,-100.95,
15080712440114922019-10-31,REPORT31Oct19MandanDIMA5.5aasof2020-06-26, UNKNOWN,46.7747,-100.95,
15080712440114922015-08-03,REPORT3Aug15-27Oct17MandanDIMA5.5aasof2020-06-26, UNKNOWN,46.7747,-100.95,
15080712440114922015-10-26,REPORT3Aug15-27Oct17MandanDIMA5.5aasof2020-06-26, UNKNOWN,46.7747,-100.95,
15080712440114922016-05-17,REPORT3Aug15-27Oct17MandanDIMA5.5aasof2020-06-26, UNKNOWN,46.7747,-100.95,
15080712440114922016-09-27,REPORT3Aug15-27Oct17MandanDIMA5.5aasof2020-06-26, UNKNOWN,46.7747,-100.95,
15080712440114922017-05-24,REPORT3Aug15-27Oct17MandanDIMA5.5aasof2020-06-26, UNKNOWN,46.7747,-100.95,
15080712440114922017-10-27,REPORT3Aug15-27Oct17MandanDIMA5.5aasof2020-06-26, UNKNOWN,46.7747,-100.95,
16041316555633692021-02-23,REPORT23Feb21MoabDIMA5.5aasof2020-06-26, UNKNOWN,38.6515,-109.87,
16041316555633692020-08-05,REPORT5Aug20MoabDIMA5.5aasof2020-06-26, UNKNOWN,38.6515,-109.87,
16041316555633692016-05-05,REPORT5May16-19Mar19MoabDIMA5.4asof2019-04-19, UNKNOWN,38.6515,-109.87,
16041316555633692016-08-09,REPORT5May16-19Mar19MoabDIMA5.4asof2019-04-19, UNKNOWN,38.6515,-109.87,
16041316555633692016-11-07,REPORT5May16-19Mar19MoabDIMA5.4asof2019-04-19, UNKNOWN,38.6515,-109.87,
16041316555633692017-02-06,REPORT5May16-19Mar19MoabDIMA5.4asof2019-04-19, UNKNOWN,38.6515,-109.87,
16041316555633692017-05-02,REPORT5May16-19Mar19MoabDIMA5.4asof2019-04-19, UNKNOWN,38.6515,-109.87,
16041316555633692017-07-13,REPORT5May16-19Mar19MoabDIMA5.4asof2019-04-19, UNKNOWN,38.6515,-109.87,
16041316555633692017-10-12,REPORT5May16-19Mar19MoabDIMA5.4asof2019-04-19, UNKNOWN,38.6515,-109.87,
16041316555633692018-03-05,REPORT5May16-19Mar19MoabDIMA5.4asof2019-04-19, UNKNOWN,38.6515,-109.87,
16041316555633692018-05-31,REPORT5May16-19Mar19MoabDIMA5.4asof2019-04-19, UNKNOWN,38.6515,-109.87,
16041316555633692018-07-24,REPORT5May16-19Mar19MoabDIMA5.4asof2019-04-19, UNKNOWN,38.6515,-109.87,
16041316555633692018-11-16,REPORT5May16-19Mar19MoabDIMA5.4asof2019-04-19, UNKNOWN,38.6515,-109.87,
16041316555633692019-03-19,REPORT5May16-19Mar19MoabDIMA5.4asof2019-04-19, UNKNOWN,38.6515,-109.87,
19081514072945942019-05-31,REPORT31May19MortonDIMA5.5aasof2020-06-26, UNKNOWN,46.7606,-100.925,
19081514072945942019-10-31,REPORT31Oct19MortonDIMA5.5aasof2020-06-26, UNKNOWN,46.7606,-100.925,
17030610202051092018-09-25,REPORT25Sept18PullmanDIMA5.5aasof2020-06-26, UNKNOWN,46.8872,-118.285,
17030610202051092016-10-28,REPORT28Oct16-17May18PullmanDIMA5.5aasof2020-06-26, UNKNOWN,46.8872,-118.285,
17030610202051092017-04-05,REPORT28Oct16-17May18PullmanDIMA5.5aasof2020-06-26, UNKNOWN,46.8872,-118.285,
17030610202051092017-08-16,REPORT28Oct16-17May18PullmanDIMA5.5aasof2020-06-26, UNKNOWN,46.8872,-118.285,
17030610202051092018-05-17,REPORT28Oct16-17May18PullmanDIMA5.5aasof2020-06-26, UNKNOWN,46.8872,-118.285,
17030610202051092020-10-05,REPORT5Oct20PullmanDIMA5.5aasof2020-06-26, UNKNOWN,46.8872,-118.285,
17030610202051092018-07-06,REPORT6Jul18PullmanDIMA5.5aasof2020-06-26, UNKNOWN,46.8872,-118.285,
15111212022552222019-06-19,REPORT19Jun19SLVDIMA5.5aasof2020-06-26, UNKNOWN,37.599,-105.691,
15111212022552222020-07-02,REPORT2Jul20SLVDIMA5.5aasof2020-06-26, UNKNOWN,37.599,-105.691,
15111212022552222016-06-07,REPORT7Jun16-21Sept18SLVDIMA5.4asof2019-04-19, UNKNOWN,37.599,-105.691,
15111212022552222016-07-06,REPORT7Jun16-21Sept18SLVDIMA5.4asof2019-04-19, UNKNOWN,37.599,-105.691,
15111212022552222016-08-28,REPORT7Jun16-21Sept18SLVDIMA5.4asof2019-04-19, UNKNOWN,37.599,-105.691,
15111212022552222016-10-12,REPORT7Jun16-21Sept18SLVDIMA5.4asof2019-04-19, UNKNOWN,37.599,-105.691,
15111212022552222018-06-21,REPORT7Jun16-21Sept18SLVDIMA5.4asof2019-04-19, UNKNOWN,37.599,-105.691,
15111212022552222017-05-12,REPORT7Jun16-21Sept18SLVDIMA5.4asof2019-04-19, UNKNOWN,37.599,-105.691,
15111212022552222017-06-20,REPORT7Jun16-21Sept18SLVDIMA5.4asof2019-04-19, UNKNOWN,37.599,-105.691,
15111212022552222017-08-09,REPORT7Jun16-21Sept18SLVDIMA5.4asof2019-04-19, UNKNOWN,37.599,-105.691,
15111212022552222017-09-18,REPORT7Jun16-21Sept18SLVDIMA5.4asof2019-04-19, UNKNOWN,37.599,-105.691,
15111212022552222018-09-21,REPORT7Jun16-21Sept18SLVDIMA5.4asof2019-04-19, UNKNOWN,37.599,-105.691,
